Bulbasaur,45,49,49,65,65,45,Grass,Poison
Ivysaur,60,62,63,80,80,60,Grass,Poison
Venusaur,80,82,83,100,100,80,Grass,Poison
Venusaur-Mega,80,100,123,122,120,80,Grass,Poison
Charmander,39,52,43,60,50,65,Fire,
Charmeleon,58,64,58,80,65,80,Fire,
Charizard,78,84,78,109,85,100,Fire,Flying
Charizard-Mega-X,78,130,111,130,85,100,Fire,Dragon
Charizard-Mega-Y,78,104,78,159,115,100,Fire,Flying
Squirtle,44,48,65,50,64,43,Water,
Wartortle,59,63,80,65,80,58,Water,
Blastoise,79,83,100,85,105,78,Water,
Blastoise-Mega,79,103,120,135,115,78,Water,
Caterpie,45,30,35,20,20,45,Bug,
Metapod,50,20,55,25,25,30,Bug,
Butterfree,60,45,50,90,80,70,Bug,Flying
Weedle,40,35,30,20,20,50,Bug,Poison
Kakuna,45,25,50,25,25,35,Bug,Poison
Beedrill,65,90,40,45,80,75,Bug,Poison
Beedrill-Mega,65,150,40,15,80,145,Bug,Poison
Pidgey,40,45,40,35,35,56,Normal,Flying
Pidgeotto,63,60,55,50,50,71,Normal,Flying
Pidgeot,83,80,75,70,70,101,Normal,Flying
Pidgeot-Mega,83,80,80,135,80,121,Normal,Flying
Rattata,30,56,35,25,35,72,Normal,
Rattata-Alola,30,56,35,25,35,72,Dark,Normal
Raticate,55,81,60,50,70,97,Normal,
Raticate-Alola,75,71,70,40,80,77,Dark,Normal
Raticate-Alola-Totem,75,71,70,40,80,77,Dark,Normal
Spearow,40,60,30,31,31,70,Normal,Flying
Fearow,65,90,65,61,61,100,Normal,Flying
Ekans,35,60,44,40,54,55,Poison,
Arbok,60,95,69,65,79,80,Poison,
Pikachu,35,55,40,50,50,90,Electric,
Pikachu-Cosplay,35,55,40,50,50,90,Electric,
Pikachu-Rock-Star,35,55,40,50,50,90,Electric,
Pikachu-Belle,35,55,40,50,50,90,Electric,
Pikachu-Pop-Star,35,55,40,50,50,90,Electric,
Pikachu-PhD,35,55,40,50,50,90,Electric,
Pikachu-Libre,35,55,40,50,50,90,Electric,
Pikachu-Original,35,55,40,50,50,90,Electric,
Pikachu-Hoenn,35,55,40,50,50,90,Electric,
Pikachu-Sinnoh,35,55,40,50,50,90,Electric,
Pikachu-Unova,35,55,40,50,50,90,Electric,
Pikachu-Kalos,35,55,40,50,50,90,Electric,
Pikachu-Alola,35,55,40,50,50,90,Electric,
Pikachu-Partner,35,55,40,50,50,90,Electric,
Pikachu-Starter,45,80,50,75,60,120,Electric,
Raichu,60,90,55,90,80,110,Electric,
Raichu-Alola,60,85,50,95,85,110,Electric,Psychic
Sandshrew,50,75,85,20,30,40,Ground,
Sandshrew-Alola,50,75,90,10,35,40,Ice,Steel
Sandslash,75,100,110,45,55,65,Ground,
Sandslash-Alola,75,100,120,25,65,65,Ice,Steel
Nidoran-F,55,47,52,40,40,41,Poison,
Nidorina,70,62,67,55,55,56,Poison,
Nidoqueen,90,92,87,75,85,76,Poison,Ground
Nidoran-M,46,57,40,40,40,50,Poison,
Nidorino,61,72,57,55,55,65,Poison,
Nidoking,81,102,77,85,75,85,Poison,Ground
Clefairy,70,45,48,60,65,35,Fairy,
Clefable,95,70,73,95,90,60,Fairy,
Vulpix,38,41,40,50,65,65,Fire,
Vulpix-Alola,38,41,40,50,65,65,Ice,
Ninetales,73,76,75,81,100,100,Fire,
Ninetales-Alola,73,67,75,81,100,109,Ice,Fairy
Jigglypuff,115,45,20,45,25,20,Normal,Fairy
Wigglytuff,140,70,45,85,50,45,Normal,Fairy
Zubat,40,45,35,30,40,55,Poison,Flying
Golbat,75,80,70,65,75,90,Poison,Flying
Oddish,45,50,55,75,65,30,Grass,Poison
Gloom,60,65,70,85,75,40,Grass,Poison
Vileplume,75,80,85,110,90,50,Grass,Poison
Paras,35,70,55,45,55,25,Bug,Grass
Parasect,60,95,80,60,80,30,Bug,Grass
Venonat,60,55,50,40,55,45,Bug,Poison
Venomoth,70,65,60,90,75,90,Bug,Poison
Diglett,10,55,25,35,45,95,Ground,
Diglett-Alola,10,55,30,35,45,90,Ground,Steel
Dugtrio,35,100,50,50,70,120,Ground,
Dugtrio-Alola,35,100,60,50,70,110,Ground,Steel
Meowth,40,45,35,40,40,90,Normal,
Meowth-Alola,40,35,35,50,40,90,Dark,
Persian,65,70,60,65,65,115,Normal,
Persian-Alola,65,60,60,75,65,115,Dark,
Psyduck,50,52,48,65,50,55,Water,
Golduck,80,82,78,95,80,85,Water,
Mankey,40,80,35,35,45,70,Fighting,
Primeape,65,105,60,60,70,95,Fighting,
Growlithe,55,70,45,70,50,60,Fire,
Arcanine,90,110,80,100,80,95,Fire,
Poliwag,40,50,40,40,40,90,Water,
Poliwhirl,65,65,65,50,50,90,Water,
Poliwrath,90,95,95,70,90,70,Water,Fighting
Abra,25,20,15,105,55,90,Psychic,
Kadabra,40,35,30,120,70,105,Psychic,
Alakazam,55,50,45,135,95,120,Psychic,
Alakazam-Mega,55,50,65,175,105,150,Psychic,
Machop,70,80,50,35,35,35,Fighting,
Machoke,80,100,70,50,60,45,Fighting,
Machamp,90,130,80,65,85,55,Fighting,
Bellsprout,50,75,35,70,30,40,Grass,Poison
Weepinbell,65,90,50,85,45,55,Grass,Poison
Victreebel,80,105,65,100,70,70,Grass,Poison
Tentacool,40,40,35,50,100,70,Water,Poison
Tentacruel,80,70,65,80,120,100,Water,Poison
Geodude,40,80,100,30,30,20,Rock,Ground
Geodude-Alola,40,80,100,30,30,20,Rock,Electric
Graveler,55,95,115,45,45,35,Rock,Ground
Graveler-Alola,55,95,115,45,45,35,Rock,Electric
Golem,80,120,130,55,65,45,Rock,Ground
Golem-Alola,80,120,130,55,65,45,Rock,Electric
Ponyta,50,85,55,65,65,90,Fire,
Rapidash,65,100,70,80,80,105,Fire,
Slowpoke,90,65,65,40,40,15,Water,Psychic
Slowbro,95,75,110,100,80,30,Water,Psychic
Slowbro-Mega,95,75,180,130,80,30,Water,Psychic
Magnemite,25,35,70,95,55,45,Electric,Steel
Magneton,50,60,95,120,70,70,Electric,Steel
Farfetch'd,52,90,55,58,62,60,Normal,Flying
Doduo,35,85,45,35,35,75,Normal,Flying
Dodrio,60,110,70,60,60,110,Normal,Flying
Seel,65,45,55,45,70,45,Water,
Dewgong,90,70,80,70,95,70,Water,Ice
Grimer,80,80,50,40,50,25,Poison,
Grimer-Alola,80,80,50,40,50,25,Poison,Dark
Muk,105,105,75,65,100,50,Poison,
Muk-Alola,105,105,75,65,100,50,Poison,Dark
Shellder,30,65,100,45,25,40,Water,
Cloyster,50,95,180,85,45,70,Water,Ice
Gastly,30,35,30,100,35,80,Ghost,Poison
Haunter,45,50,45,115,55,95,Ghost,Poison
Gengar,60,65,60,130,75,110,Ghost,Poison
Gengar-Mega,60,65,80,170,95,130,Ghost,Poison
Onix,35,45,160,30,45,70,Rock,Ground
Drowzee,60,48,45,43,90,42,Psychic,
Hypno,85,73,70,73,115,67,Psychic,
Krabby,30,105,90,25,25,50,Water,
Kingler,55,130,115,50,50,75,Water,
Voltorb,40,30,50,55,55,100,Electric,
Electrode,60,50,70,80,80,150,Electric,
Exeggcute,60,40,80,60,45,40,Grass,Psychic
Exeggutor,95,95,85,125,75,55,Grass,Psychic
Exeggutor-Alola,95,105,85,125,75,45,Grass,Dragon
Cubone,50,50,95,40,50,35,Ground,
Marowak,60,80,110,50,80,45,Ground,
Marowak-Alola,60,80,110,50,80,45,Fire,Ghost
Marowak-Alola-Totem,60,80,110,50,80,45,Fire,Ghost
Hitmonlee,50,120,53,35,110,87,Fighting,
Hitmonchan,50,105,79,35,110,76,Fighting,
Lickitung,90,55,75,60,75,30,Normal,
Koffing,40,65,95,60,45,35,Poison,
Weezing,65,90,120,85,70,60,Poison,
Rhyhorn,80,85,95,30,30,25,Ground,Rock
Rhydon,105,130,120,45,45,40,Ground,Rock
Chansey,250,5,5,35,105,50,Normal,
Tangela,65,55,115,100,40,60,Grass,
Kangaskhan,105,95,80,40,80,90,Normal,
Kangaskhan-Mega,105,125,100,60,100,100,Normal,
Horsea,30,40,70,70,25,60,Water,
Seadra,55,65,95,95,45,85,Water,
Goldeen,45,67,60,35,50,63,Water,
Seaking,80,92,65,65,80,68,Water,
Staryu,30,45,55,70,55,85,Water,
Starmie,60,75,85,100,85,115,Water,Psychic
Mr. Mime,40,45,65,100,120,90,Psychic,Fairy
Scyther,70,110,80,55,80,105,Bug,Flying
Jynx,65,50,35,115,95,95,Ice,Psychic
Electabuzz,65,83,57,95,85,105,Electric,
Magmar,65,95,57,100,85,93,Fire,
Pinsir,65,125,100,55,70,85,Bug,
Pinsir-Mega,65,155,120,65,90,105,Bug,Flying
Tauros,75,100,95,40,70,110,Normal,
Magikarp,20,10,55,15,20,80,Water,
Gyarados,95,125,79,60,100,81,Water,Flying
Gyarados-Mega,95,155,109,70,130,81,Water,Dark
Lapras,130,85,80,85,95,60,Water,Ice
Ditto,48,48,48,48,48,48,Normal,
Eevee,55,55,50,45,65,55,Normal,
Eevee-Starter,65,75,70,65,85,75,Normal,
Vaporeon,130,65,60,110,95,65,Water,
Jolteon,65,65,60,110,95,130,Electric,
Flareon,65,130,60,95,110,65,Fire,
Porygon,65,60,70,85,75,40,Normal,
Omanyte,35,40,100,90,55,35,Rock,Water
Omastar,70,60,125,115,70,55,Rock,Water
Kabuto,30,80,90,55,45,55,Rock,Water
Kabutops,60,115,105,65,70,80,Rock,Water
Aerodactyl,80,105,65,60,75,130,Rock,Flying
Aerodactyl-Mega,80,135,85,70,95,150,Rock,Flying
Snorlax,160,110,65,65,110,30,Normal,
Articuno,90,85,100,95,125,85,Ice,Flying
Zapdos,90,90,85,125,90,100,Electric,Flying
Moltres,90,100,90,125,85,90,Fire,Flying
Dratini,41,64,45,50,50,50,Dragon,
Dragonair,61,84,65,70,70,70,Dragon,
Dragonite,91,134,95,100,100,80,Dragon,Flying
Mewtwo,106,110,90,154,90,130,Psychic,
Mewtwo-Mega-X,106,190,100,154,100,130,Psychic,Fighting
Mewtwo-Mega-Y,106,150,70,194,120,140,Psychic,
Mew,100,100,100,100,100,100,Psychic,
Chikorita,45,49,65,49,65,45,Grass,
Bayleef,60,62,80,63,80,60,Grass,
Meganium,80,82,100,83,100,80,Grass,
Cyndaquil,39,52,43,60,50,65,Fire,
Quilava,58,64,58,80,65,80,Fire,
Typhlosion,78,84,78,109,85,100,Fire,
Totodile,50,65,64,44,48,43,Water,
Croconaw,65,80,80,59,63,58,Water,
Feraligatr,85,105,100,79,83,78,Water,
Sentret,35,46,34,35,45,20,Normal,
Furret,85,76,64,45,55,90,Normal,
Hoothoot,60,30,30,36,56,50,Normal,Flying
Noctowl,100,50,50,86,96,70,Normal,Flying
Ledyba,40,20,30,40,80,55,Bug,Flying
Ledian,55,35,50,55,110,85,Bug,Flying
Spinarak,40,60,40,40,40,30,Bug,Poison
Ariados,70,90,70,60,70,40,Bug,Poison
Crobat,85,90,80,70,80,130,Poison,Flying
Chinchou,75,38,38,56,56,67,Water,Electric
Lanturn,125,58,58,76,76,67,Water,Electric
Pichu,20,40,15,35,35,60,Electric,
Pichu-Spiky-eared,20,40,15,35,35,60,Electric,
Cleffa,50,25,28,45,55,15,Fairy,
Igglybuff,90,30,15,40,20,15,Normal,Fairy
Togepi,35,20,65,40,65,20,Fairy,
Togetic,55,40,85,80,105,40,Fairy,Flying
Natu,40,50,45,70,45,70,Psychic,Flying
Xatu,65,75,70,95,70,95,Psychic,Flying
Mareep,55,40,40,65,45,35,Electric,
Flaaffy,70,55,55,80,60,45,Electric,
Ampharos,90,75,85,115,90,55,Electric,
Ampharos-Mega,90,95,105,165,110,45,Electric,Dragon
Bellossom,75,80,95,90,100,50,Grass,
Marill,70,20,50,20,50,40,Water,Fairy
Azumarill,100,50,80,60,80,50,Water,Fairy
Sudowoodo,70,100,115,30,65,30,Rock,
Politoed,90,75,75,90,100,70,Water,
Hoppip,35,35,40,35,55,50,Grass,Flying
Skiploom,55,45,50,45,65,80,Grass,Flying
Jumpluff,75,55,70,55,95,110,Grass,Flying
Aipom,55,70,55,40,55,85,Normal,
Sunkern,30,30,30,30,30,30,Grass,
Sunflora,75,75,55,105,85,30,Grass,
Yanma,65,65,45,75,45,95,Bug,Flying
Wooper,55,45,45,25,25,15,Water,Ground
Quagsire,95,85,85,65,65,35,Water,Ground
Espeon,65,65,60,130,95,110,Psychic,
Umbreon,95,65,110,60,130,65,Dark,
Murkrow,60,85,42,85,42,91,Dark,Flying
Slowking,95,75,80,100,110,30,Water,Psychic
Misdreavus,60,60,60,85,85,85,Ghost,
Unown,48,72,48,72,48,48,Psychic,
Wobbuffet,190,33,58,33,58,33,Psychic,
Girafarig,70,80,65,90,65,85,Normal,Psychic
Pineco,50,65,90,35,35,15,Bug,
Forretress,75,90,140,60,60,40,Bug,Steel
Dunsparce,100,70,70,65,65,45,Normal,
Gligar,65,75,105,35,65,85,Ground,Flying
Steelix,75,85,200,55,65,30,Steel,Ground
Steelix-Mega,75,125,230,55,95,30,Steel,Ground
Snubbull,60,80,50,40,40,30,Fairy,
Granbull,90,120,75,60,60,45,Fairy,
Qwilfish,65,95,85,55,55,85,Water,Poison
Scizor,70,130,100,55,80,65,Bug,Steel
Scizor-Mega,70,150,140,65,100,75,Bug,Steel
Shuckle,20,10,230,10,230,5,Bug,Rock
Heracross,80,125,75,40,95,85,Bug,Fighting
Heracross-Mega,80,185,115,40,105,75,Bug,Fighting
Sneasel,55,95,55,35,75,115,Dark,Ice
Teddiursa,60,80,50,50,50,40,Normal,
Ursaring,90,130,75,75,75,55,Normal,
Slugma,40,40,40,70,40,20,Fire,
Magcargo,60,50,120,90,80,30,Fire,Rock
Swinub,50,50,40,30,30,50,Ice,Ground
Piloswine,100,100,80,60,60,50,Ice,Ground
Corsola,65,55,95,65,95,35,Water,Rock
Remoraid,35,65,35,65,35,65,Water,
Octillery,75,105,75,105,75,45,Water,
Delibird,45,55,45,65,45,75,Ice,Flying
Mantine,85,40,70,80,140,70,Water,Flying
Skarmory,65,80,140,40,70,70,Steel,Flying
Houndour,45,60,30,80,50,65,Dark,Fire
Houndoom,75,90,50,110,80,95,Dark,Fire
Houndoom-Mega,75,90,90,140,90,115,Dark,Fire
Kingdra,75,95,95,95,95,85,Water,Dragon
Phanpy,90,60,60,40,40,40,Ground,
Donphan,90,120,120,60,60,50,Ground,
Porygon2,85,80,90,105,95,60,Normal,
Stantler,73,95,62,85,65,85,Normal,
Smeargle,55,20,35,20,45,75,Normal,
Tyrogue,35,35,35,35,35,35,Fighting,
Hitmontop,50,95,95,35,110,70,Fighting,
Smoochum,45,30,15,85,65,65,Ice,Psychic
Elekid,45,63,37,65,55,95,Electric,
Magby,45,75,37,70,55,83,Fire,
Miltank,95,80,105,40,70,100,Normal,
Blissey,255,10,10,75,135,55,Normal,
Raikou,90,85,75,115,100,115,Electric,
Entei,115,115,85,90,75,100,Fire,
Suicune,100,75,115,90,115,85,Water,
Larvitar,50,64,50,45,50,41,Rock,Ground
Pupitar,70,84,70,65,70,51,Rock,Ground
Tyranitar,100,134,110,95,100,61,Rock,Dark
Tyranitar-Mega,100,164,150,95,120,71,Rock,Dark
Lugia,106,90,130,90,154,110,Psychic,Flying
Ho-Oh,106,130,90,110,154,90,Fire,Flying
Celebi,100,100,100,100,100,100,Psychic,Grass
Treecko,40,45,35,65,55,70,Grass,
Grovyle,50,65,45,85,65,95,Grass,
Sceptile,70,85,65,105,85,120,Grass,
Sceptile-Mega,70,110,75,145,85,145,Grass,Dragon
Torchic,45,60,40,70,50,45,Fire,
Combusken,60,85,60,85,60,55,Fire,Fighting
Blaziken,80,120,70,110,70,80,Fire,Fighting
Blaziken-Mega,80,160,80,130,80,100,Fire,Fighting
Mudkip,50,70,50,50,50,40,Water,
Marshtomp,70,85,70,60,70,50,Water,Ground
Swampert,100,110,90,85,90,60,Water,Ground
Swampert-Mega,100,150,110,95,110,70,Water,Ground
Poochyena,35,55,35,30,30,35,Dark,
Mightyena,70,90,70,60,60,70,Dark,
Zigzagoon,38,30,41,30,41,60,Normal,
Linoone,78,70,61,50,61,100,Normal,
Wurmple,45,45,35,20,30,20,Bug,
Silcoon,50,35,55,25,25,15,Bug,
Beautifly,60,70,50,100,50,65,Bug,Flying
Cascoon,50,35,55,25,25,15,Bug,
Dustox,60,50,70,50,90,65,Bug,Poison
Lotad,40,30,30,40,50,30,Water,Grass
Lombre,60,50,50,60,70,50,Water,Grass
Ludicolo,80,70,70,90,100,70,Water,Grass
Seedot,40,40,50,30,30,30,Grass,
Nuzleaf,70,70,40,60,40,60,Grass,Dark
Shiftry,90,100,60,90,60,80,Grass,Dark
Taillow,40,55,30,30,30,85,Normal,Flying
Swellow,60,85,60,75,50,125,Normal,Flying
Wingull,40,30,30,55,30,85,Water,Flying
Pelipper,60,50,100,95,70,65,Water,Flying
Ralts,28,25,25,45,35,40,Psychic,Fairy
Kirlia,38,35,35,65,55,50,Psychic,Fairy
Gardevoir,68,65,65,125,115,80,Psychic,Fairy
Gardevoir-Mega,68,85,65,165,135,100,Psychic,Fairy
Surskit,40,30,32,50,52,65,Bug,Water
Masquerain,70,60,62,100,82,80,Bug,Flying
Shroomish,60,40,60,40,60,35,Grass,
Breloom,60,130,80,60,60,70,Grass,Fighting
Slakoth,60,60,60,35,35,30,Normal,
Vigoroth,80,80,80,55,55,90,Normal,
Slaking,150,160,100,95,65,100,Normal,
Nincada,31,45,90,30,30,40,Bug,Ground
Ninjask,61,90,45,50,50,160,Bug,Flying
Shedinja,1,90,45,30,30,40,Bug,Ghost
Whismur,64,51,23,51,23,28,Normal,
Loudred,84,71,43,71,43,48,Normal,
Exploud,104,91,63,91,73,68,Normal,
Makuhita,72,60,30,20,30,25,Fighting,
Hariyama,144,120,60,40,60,50,Fighting,
Azurill,50,20,40,20,40,20,Normal,Fairy
Nosepass,30,45,135,45,90,30,Rock,
Skitty,50,45,45,35,35,50,Normal,
Delcatty,70,65,65,55,55,90,Normal,
Sableye,50,75,75,65,65,50,Dark,Ghost
Sableye-Mega,50,85,125,85,115,20,Dark,Ghost
Mawile,50,85,85,55,55,50,Steel,Fairy
Mawile-Mega,50,105,125,55,95,50,Steel,Fairy
Aron,50,70,100,40,40,30,Steel,Rock
Lairon,60,90,140,50,50,40,Steel,Rock
Aggron,70,110,180,60,60,50,Steel,Rock
Aggron-Mega,70,140,230,60,80,50,Steel,
Meditite,30,40,55,40,55,60,Fighting,Psychic
Medicham,60,60,75,60,75,80,Fighting,Psychic
Medicham-Mega,60,100,85,80,85,100,Fighting,Psychic
Electrike,40,45,40,65,40,65,Electric,
Manectric,70,75,60,105,60,105,Electric,
Manectric-Mega,70,75,80,135,80,135,Electric,
Plusle,60,50,40,85,75,95,Electric,
Minun,60,40,50,75,85,95,Electric,
Volbeat,65,73,75,47,85,85,Bug,
Illumise,65,47,75,73,85,85,Bug,
Roselia,50,60,45,100,80,65,Grass,Poison
Gulpin,70,43,53,43,53,40,Poison,
Swalot,100,73,83,73,83,55,Poison,
Carvanha,45,90,20,65,20,65,Water,Dark
Sharpedo,70,120,40,95,40,95,Water,Dark
Sharpedo-Mega,70,140,70,110,65,105,Water,Dark
Wailmer,130,70,35,70,35,60,Water,
Wailord,170,90,45,90,45,60,Water,
Numel,60,60,40,65,45,35,Fire,Ground
Camerupt,70,100,70,105,75,40,Fire,Ground
Camerupt-Mega,70,120,100,145,105,20,Fire,Ground
Torkoal,70,85,140,85,70,20,Fire,
Spoink,60,25,35,70,80,60,Psychic,
Grumpig,80,45,65,90,110,80,Psychic,
Spinda,60,60,60,60,60,60,Normal,
Trapinch,45,100,45,45,45,10,Ground,
Vibrava,50,70,50,50,50,70,Ground,Dragon
Flygon,80,100,80,80,80,100,Ground,Dragon
Cacnea,50,85,40,85,40,35,Grass,
Cacturne,70,115,60,115,60,55,Grass,Dark
Swablu,45,40,60,40,75,50,Normal,Flying
Altaria,75,70,90,70,105,80,Dragon,Flying
Altaria-Mega,75,110,110,110,105,80,Dragon,Fairy
Zangoose,73,115,60,60,60,90,Normal,
Seviper,73,100,60,100,60,65,Poison,
Lunatone,90,55,65,95,85,70,Rock,Psychic
Solrock,90,95,85,55,65,70,Rock,Psychic
Barboach,50,48,43,46,41,60,Water,Ground
Whiscash,110,78,73,76,71,60,Water,Ground
Corphish,43,80,65,50,35,35,Water,
Crawdaunt,63,120,85,90,55,55,Water,Dark
Baltoy,40,40,55,40,70,55,Ground,Psychic
Claydol,60,70,105,70,120,75,Ground,Psychic
Lileep,66,41,77,61,87,23,Rock,Grass
Cradily,86,81,97,81,107,43,Rock,Grass
Anorith,45,95,50,40,50,75,Rock,Bug
Armaldo,75,125,100,70,80,45,Rock,Bug
Feebas,20,15,20,10,55,80,Water,
Milotic,95,60,79,100,125,81,Water,
Castform,70,70,70,70,70,70,Normal,
Castform-Sunny,70,70,70,70,70,70,Fire,
Castform-Rainy,70,70,70,70,70,70,Water,
Castform-Snowy,70,70,70,70,70,70,Ice,
Kecleon,60,90,70,60,120,40,Normal,
Shuppet,44,75,35,63,33,45,Ghost,
Banette,64,115,65,83,63,65,Ghost,
Banette-Mega,64,165,75,93,83,75,Ghost,
Duskull,20,40,90,30,90,25,Ghost,
Dusclops,40,70,130,60,130,25,Ghost,
Tropius,99,68,83,72,87,51,Grass,Flying
Chimecho,75,50,80,95,90,65,Psychic,
Absol,65,130,60,75,60,75,Dark,
Absol-Mega,65,150,60,115,60,115,Dark,
Wynaut,95,23,48,23,48,23,Psychic,
Snorunt,50,50,50,50,50,50,Ice,
Glalie,80,80,80,80,80,80,Ice,
Glalie-Mega,80,120,80,120,80,100,Ice,
Spheal,70,40,50,55,50,25,Ice,Water
Sealeo,90,60,70,75,70,45,Ice,Water
Walrein,110,80,90,95,90,65,Ice,Water
Clamperl,35,64,85,74,55,32,Water,
Huntail,55,104,105,94,75,52,Water,
Gorebyss,55,84,105,114,75,52,Water,
Relicanth,100,90,130,45,65,55,Water,Rock
Luvdisc,43,30,55,40,65,97,Water,
Bagon,45,75,60,40,30,50,Dragon,
Shelgon,65,95,100,60,50,50,Dragon,
Salamence,95,135,80,110,80,100,Dragon,Flying
Salamence-Mega,95,145,130,120,90,120,Dragon,Flying
Beldum,40,55,80,35,60,30,Steel,Psychic
Metang,60,75,100,55,80,50,Steel,Psychic
Metagross,80,135,130,95,90,70,Steel,Psychic
Metagross-Mega,80,145,150,105,110,110,Steel,Psychic
Regirock,80,100,200,50,100,50,Rock,
Regice,80,50,100,100,200,50,Ice,
Registeel,80,75,150,75,150,50,Steel,
Latias,80,80,90,110,130,110,Dragon,Psychic
Latias-Mega,80,100,120,140,150,110,Dragon,Psychic
Latios,80,90,80,130,110,110,Dragon,Psychic
Latios-Mega,80,130,100,160,120,110,Dragon,Psychic
Kyogre,100,100,90,150,140,90,Water,
Kyogre-Primal,100,150,90,180,160,90,Water,
Groudon,100,150,140,100,90,90,Ground,
Groudon-Primal,100,180,160,150,90,90,Ground,Fire
Rayquaza,105,150,90,150,90,95,Dragon,Flying
Rayquaza-Mega,105,180,100,180,100,115,Dragon,Flying
Jirachi,100,100,100,100,100,100,Steel,Psychic
Deoxys,50,150,50,150,50,150,Psychic,
Deoxys-Attack,50,180,20,180,20,150,Psychic,
Deoxys-Defense,50,70,160,70,160,90,Psychic,
Deoxys-Speed,50,95,90,95,90,180,Psychic,
Turtwig,55,68,64,45,55,31,Grass,
Grotle,75,89,85,55,65,36,Grass,
Torterra,95,109,105,75,85,56,Grass,Ground
Chimchar,44,58,44,58,44,61,Fire,
Monferno,64,78,52,78,52,81,Fire,Fighting
Infernape,76,104,71,104,71,108,Fire,Fighting
Piplup,53,51,53,61,56,40,Water,
Prinplup,64,66,68,81,76,50,Water,
Empoleon,84,86,88,111,101,60,Water,Steel
Starly,40,55,30,30,30,60,Normal,Flying
Staravia,55,75,50,40,40,80,Normal,Flying
Staraptor,85,120,70,50,60,100,Normal,Flying
Bidoof,59,45,40,35,40,31,Normal,
Bibarel,79,85,60,55,60,71,Normal,Water
Kricketot,37,25,41,25,41,25,Bug,
Kricketune,77,85,51,55,51,65,Bug,
Shinx,45,65,34,40,34,45,Electric,
Luxio,60,85,49,60,49,60,Electric,
Luxray,80,120,79,95,79,70,Electric,
Budew,40,30,35,50,70,55,Grass,Poison
Roserade,60,70,65,125,105,90,Grass,Poison
Cranidos,67,125,40,30,30,58,Rock,
Rampardos,97,165,60,65,50,58,Rock,
Shieldon,30,42,118,42,88,30,Rock,Steel
Bastiodon,60,52,168,47,138,30,Rock,Steel
Burmy,40,29,45,29,45,36,Bug,
Wormadam,60,59,85,79,105,36,Bug,Grass
Wormadam-Sandy,60,79,105,59,85,36,Bug,Ground
Wormadam-Trash,60,69,95,69,95,36,Bug,Steel
Mothim,70,94,50,94,50,66,Bug,Flying
Combee,30,30,42,30,42,70,Bug,Flying
Vespiquen,70,80,102,80,102,40,Bug,Flying
Pachirisu,60,45,70,45,90,95,Electric,
Buizel,55,65,35,60,30,85,Water,
Floatzel,85,105,55,85,50,115,Water,
Cherubi,45,35,45,62,53,35,Grass,
Cherrim,70,60,70,87,78,85,Grass,
Cherrim-Sunshine,70,60,70,87,78,85,Grass,
Shellos,76,48,48,57,62,34,Water,
Gastrodon,111,83,68,92,82,39,Water,Ground
Ambipom,75,100,66,60,66,115,Normal,
Drifloon,90,50,34,60,44,70,Ghost,Flying
Drifblim,150,80,44,90,54,80,Ghost,Flying
Buneary,55,66,44,44,56,85,Normal,
Lopunny,65,76,84,54,96,105,Normal,
Lopunny-Mega,65,136,94,54,96,135,Normal,Fighting
Mismagius,60,60,60,105,105,105,Ghost,
Honchkrow,100,125,52,105,52,71,Dark,Flying
Glameow,49,55,42,42,37,85,Normal,
Purugly,71,82,64,64,59,112,Normal,
Chingling,45,30,50,65,50,45,Psychic,
Stunky,63,63,47,41,41,74,Poison,Dark
Skuntank,103,93,67,71,61,84,Poison,Dark
Bronzor,57,24,86,24,86,23,Steel,Psychic
Bronzong,67,89,116,79,116,33,Steel,Psychic
Bonsly,50,80,95,10,45,10,Rock,
Mime Jr.,20,25,45,70,90,60,Psychic,Fairy
Happiny,100,5,5,15,65,30,Normal,
Chatot,76,65,45,92,42,91,Normal,Flying
Spiritomb,50,92,108,92,108,35,Ghost,Dark
Gible,58,70,45,40,45,42,Dragon,Ground
Gabite,68,90,65,50,55,82,Dragon,Ground
Garchomp,108,130,95,80,85,102,Dragon,Ground
Garchomp-Mega,108,170,115,120,95,92,Dragon,Ground
Munchlax,135,85,40,40,85,5,Normal,
Riolu,40,70,40,35,40,60,Fighting,
Lucario,70,110,70,115,70,90,Fighting,Steel
Lucario-Mega,70,145,88,140,70,112,Fighting,Steel
Hippopotas,68,72,78,38,42,32,Ground,
Hippowdon,108,112,118,68,72,47,Ground,
Skorupi,40,50,90,30,55,65,Poison,Bug
Drapion,70,90,110,60,75,95,Poison,Dark
Croagunk,48,61,40,61,40,50,Poison,Fighting
Toxicroak,83,106,65,86,65,85,Poison,Fighting
Carnivine,74,100,72,90,72,46,Grass,
Finneon,49,49,56,49,61,66,Water,
Lumineon,69,69,76,69,86,91,Water,
Mantyke,45,20,50,60,120,50,Water,Flying
Snover,60,62,50,62,60,40,Grass,Ice
Abomasnow,90,92,75,92,85,60,Grass,Ice
Abomasnow-Mega,90,132,105,132,105,30,Grass,Ice
Weavile,70,120,65,45,85,125,Dark,Ice
Magnezone,70,70,115,130,90,60,Electric,Steel
Lickilicky,110,85,95,80,95,50,Normal,
Rhyperior,115,140,130,55,55,40,Ground,Rock
Tangrowth,100,100,125,110,50,50,Grass,
Electivire,75,123,67,95,85,95,Electric,
Magmortar,75,95,67,125,95,83,Fire,
Togekiss,85,50,95,120,115,80,Fairy,Flying
Yanmega,86,76,86,116,56,95,Bug,Flying
Leafeon,65,110,130,60,65,95,Grass,
Glaceon,65,60,110,130,95,65,Ice,
Gliscor,75,95,125,45,75,95,Ground,Flying
Mamoswine,110,130,80,70,60,80,Ice,Ground
Porygon-Z,85,80,70,135,75,90,Normal,
Gallade,68,125,65,65,115,80,Psychic,Fighting
Gallade-Mega,68,165,95,65,115,110,Psychic,Fighting
Probopass,60,55,145,75,150,40,Rock,Steel
Dusknoir,45,100,135,65,135,45,Ghost,
Froslass,70,80,70,80,70,110,Ice,Ghost
Rotom,50,50,77,95,77,91,Electric,Ghost
Rotom-Heat,50,65,107,105,107,86,Electric,Fire
Rotom-Wash,50,65,107,105,107,86,Electric,Water
Rotom-Frost,50,65,107,105,107,86,Electric,Ice
Rotom-Fan,50,65,107,105,107,86,Electric,Flying
Rotom-Mow,50,65,107,105,107,86,Electric,Grass
Uxie,75,75,130,75,130,95,Psychic,
Mesprit,80,105,105,105,105,80,Psychic,
Azelf,75,125,70,125,70,115,Psychic,
Dialga,100,120,120,150,100,90,Steel,Dragon
Palkia,90,120,100,150,120,100,Water,Dragon
Heatran,91,90,106,130,106,77,Fire,Steel
Regigigas,110,160,110,80,110,100,Normal,
Giratina,150,100,120,100,120,90,Ghost,Dragon
Giratina-Origin,150,120,100,120,100,90,Ghost,Dragon
Cresselia,120,70,120,75,130,85,Psychic,
Phione,80,80,80,80,80,80,Water,
Manaphy,100,100,100,100,100,100,Water,
Darkrai,70,90,90,135,90,125,Dark,
Shaymin,100,100,100,100,100,100,Grass,
Shaymin-Sky,100,103,75,120,75,127,Grass,Flying
Arceus,120,120,120,120,120,120,Normal,
Arceus-Bug,120,120,120,120,120,120,Bug,
Arceus-Dark,120,120,120,120,120,120,Dark,
Arceus-Dragon,120,120,120,120,120,120,Dragon,
Arceus-Electric,120,120,120,120,120,120,Electric,
Arceus-Fairy,120,120,120,120,120,120,Fairy,
Arceus-Fighting,120,120,120,120,120,120,Fighting,
Arceus-Fire,120,120,120,120,120,120,Fire,
Arceus-Flying,120,120,120,120,120,120,Flying,
Arceus-Ghost,120,120,120,120,120,120,Ghost,
Arceus-Grass,120,120,120,120,120,120,Grass,
Arceus-Ground,120,120,120,120,120,120,Ground,
Arceus-Ice,120,120,120,120,120,120,Ice,
Arceus-Poison,120,120,120,120,120,120,Poison,
Arceus-Psychic,120,120,120,120,120,120,Psychic,
Arceus-Rock,120,120,120,120,120,120,Rock,
Arceus-Steel,120,120,120,120,120,120,Steel,
Arceus-Water,120,120,120,120,120,120,Water,
Victini,100,100,100,100,100,100,Psychic,Fire
Snivy,45,45,55,45,55,63,Grass,
Servine,60,60,75,60,75,83,Grass,
Serperior,75,75,95,75,95,113,Grass,
Tepig,65,63,45,45,45,45,Fire,
Pignite,90,93,55,70,55,55,Fire,Fighting
Emboar,110,123,65,100,65,65,Fire,Fighting
Oshawott,55,55,45,63,45,45,Water,
Dewott,75,75,60,83,60,60,Water,
Samurott,95,100,85,108,70,70,Water,
Patrat,45,55,39,35,39,42,Normal,
Watchog,60,85,69,60,69,77,Normal,
Lillipup,45,60,45,25,45,55,Normal,
Herdier,65,80,65,35,65,60,Normal,
Stoutland,85,110,90,45,90,80,Normal,
Purrloin,41,50,37,50,37,66,Dark,
Liepard,64,88,50,88,50,106,Dark,
Pansage,50,53,48,53,48,64,Grass,
Simisage,75,98,63,98,63,101,Grass,
Pansear,50,53,48,53,48,64,Fire,
Simisear,75,98,63,98,63,101,Fire,
Panpour,50,53,48,53,48,64,Water,
Simipour,75,98,63,98,63,101,Water,
Munna,76,25,45,67,55,24,Psychic,
Musharna,116,55,85,107,95,29,Psychic,
Pidove,50,55,50,36,30,43,Normal,Flying
Tranquill,62,77,62,50,42,65,Normal,Flying
Unfezant,80,115,80,65,55,93,Normal,Flying
Blitzle,45,60,32,50,32,76,Electric,
Zebstrika,75,100,63,80,63,116,Electric,
Roggenrola,55,75,85,25,25,15,Rock,
Boldore,70,105,105,50,40,20,Rock,
Gigalith,85,135,130,60,80,25,Rock,
Woobat,65,45,43,55,43,72,Psychic,Flying
Swoobat,67,57,55,77,55,114,Psychic,Flying
Drilbur,60,85,40,30,45,68,Ground,
Excadrill,110,135,60,50,65,88,Ground,Steel
Audino,103,60,86,60,86,50,Normal,
Audino-Mega,103,60,126,80,126,50,Normal,Fairy
Timburr,75,80,55,25,35,35,Fighting,
Gurdurr,85,105,85,40,50,40,Fighting,
Conkeldurr,105,140,95,55,65,45,Fighting,
Tympole,50,50,40,50,40,64,Water,
Palpitoad,75,65,55,65,55,69,Water,Ground
Seismitoad,105,95,75,85,75,74,Water,Ground
Throh,120,100,85,30,85,45,Fighting,
Sawk,75,125,75,30,75,85,Fighting,
Sewaddle,45,53,70,40,60,42,Bug,Grass
Swadloon,55,63,90,50,80,42,Bug,Grass
Leavanny,75,103,80,70,80,92,Bug,Grass
Venipede,30,45,59,30,39,57,Bug,Poison
Whirlipede,40,55,99,40,79,47,Bug,Poison
Scolipede,60,100,89,55,69,112,Bug,Poison
Cottonee,40,27,60,37,50,66,Grass,Fairy
Whimsicott,60,67,85,77,75,116,Grass,Fairy
Petilil,45,35,50,70,50,30,Grass,
Lilligant,70,60,75,110,75,90,Grass,
Basculin,70,92,65,80,55,98,Water,
Basculin-Blue-Striped,70,92,65,80,55,98,Water,
Sandile,50,72,35,35,35,65,Ground,Dark
Krokorok,60,82,45,45,45,74,Ground,Dark
Krookodile,95,117,80,65,70,92,Ground,Dark
Darumaka,70,90,45,15,45,50,Fire,
Darmanitan,105,140,55,30,55,95,Fire,
Darmanitan-Zen,105,30,105,140,105,55,Fire,Psychic
Maractus,75,86,67,106,67,60,Grass,
Dwebble,50,65,85,35,35,55,Bug,Rock
Crustle,70,105,125,65,75,45,Bug,Rock
Scraggy,50,75,70,35,70,48,Dark,Fighting
Scrafty,65,90,115,45,115,58,Dark,Fighting
Sigilyph,72,58,80,103,80,97,Psychic,Flying
Yamask,38,30,85,55,65,30,Ghost,
Cofagrigus,58,50,145,95,105,30,Ghost,
Tirtouga,54,78,103,53,45,22,Water,Rock
Carracosta,74,108,133,83,65,32,Water,Rock
Archen,55,112,45,74,45,70,Rock,Flying
Archeops,75,140,65,112,65,110,Rock,Flying
Trubbish,50,50,62,40,62,65,Poison,
Garbodor,80,95,82,60,82,75,Poison,
Zorua,40,65,40,80,40,65,Dark,
Zoroark,60,105,60,120,60,105,Dark,
Minccino,55,50,40,40,40,75,Normal,
Cinccino,75,95,60,65,60,115,Normal,
Gothita,45,30,50,55,65,45,Psychic,
Gothorita,60,45,70,75,85,55,Psychic,
Gothitelle,70,55,95,95,110,65,Psychic,
Solosis,45,30,40,105,50,20,Psychic,
Duosion,65,40,50,125,60,30,Psychic,
Reuniclus,110,65,75,125,85,30,Psychic,
Ducklett,62,44,50,44,50,55,Water,Flying
Swanna,75,87,63,87,63,98,Water,Flying
Vanillite,36,50,50,65,60,44,Ice,
Vanillish,51,65,65,80,75,59,Ice,
Vanilluxe,71,95,85,110,95,79,Ice,
Deerling,60,60,50,40,50,75,Normal,Grass
Sawsbuck,80,100,70,60,70,95,Normal,Grass
Emolga,55,75,60,75,60,103,Electric,Flying
Karrablast,50,75,45,40,45,60,Bug,
Escavalier,70,135,105,60,105,20,Bug,Steel
Foongus,69,55,45,55,55,15,Grass,Poison
Amoonguss,114,85,70,85,80,30,Grass,Poison
Frillish,55,40,50,65,85,40,Water,Ghost
Jellicent,100,60,70,85,105,60,Water,Ghost
Alomomola,165,75,80,40,45,65,Water,
Joltik,50,47,50,57,50,65,Bug,Electric
Galvantula,70,77,60,97,60,108,Bug,Electric
Ferroseed,44,50,91,24,86,10,Grass,Steel
Ferrothorn,74,94,131,54,116,20,Grass,Steel
Klink,40,55,70,45,60,30,Steel,
Klang,60,80,95,70,85,50,Steel,
Klinklang,60,100,115,70,85,90,Steel,
Tynamo,35,55,40,45,40,60,Electric,
Eelektrik,65,85,70,75,70,40,Electric,
Eelektross,85,115,80,105,80,50,Electric,
Elgyem,55,55,55,85,55,30,Psychic,
Beheeyem,75,75,75,125,95,40,Psychic,
Litwick,50,30,55,65,55,20,Ghost,Fire
Lampent,60,40,60,95,60,55,Ghost,Fire
Chandelure,60,55,90,145,90,80,Ghost,Fire
Axew,46,87,60,30,40,57,Dragon,
Fraxure,66,117,70,40,50,67,Dragon,
Haxorus,76,147,90,60,70,97,Dragon,
Cubchoo,55,70,40,60,40,40,Ice,
Beartic,95,130,80,70,80,50,Ice,
Cryogonal,80,50,50,95,135,105,Ice,
Shelmet,50,40,85,40,65,25,Bug,
Accelgor,80,70,40,100,60,145,Bug,
Stunfisk,109,66,84,81,99,32,Ground,Electric
Mienfoo,45,85,50,55,50,65,Fighting,
Mienshao,65,125,60,95,60,105,Fighting,
Druddigon,77,120,90,60,90,48,Dragon,
Golett,59,74,50,35,50,35,Ground,Ghost
Golurk,89,124,80,55,80,55,Ground,Ghost
Pawniard,45,85,70,40,40,60,Dark,Steel
Bisharp,65,125,100,60,70,70,Dark,Steel
Bouffalant,95,110,95,40,95,55,Normal,
Rufflet,70,83,50,37,50,60,Normal,Flying
Braviary,100,123,75,57,75,80,Normal,Flying
Vullaby,70,55,75,45,65,60,Dark,Flying
Mandibuzz,110,65,105,55,95,80,Dark,Flying
Heatmor,85,97,66,105,66,65,Fire,
Durant,58,109,112,48,48,109,Bug,Steel
Deino,52,65,50,45,50,38,Dark,Dragon
Zweilous,72,85,70,65,70,58,Dark,Dragon
Hydreigon,92,105,90,125,90,98,Dark,Dragon
Larvesta,55,85,55,50,55,60,Bug,Fire
Volcarona,85,60,65,135,105,100,Bug,Fire
Cobalion,91,90,129,90,72,108,Steel,Fighting
Terrakion,91,129,90,72,90,108,Rock,Fighting
Virizion,91,90,72,90,129,108,Grass,Fighting
Tornadus,79,115,70,125,80,111,Flying,
Tornadus-Therian,79,100,80,110,90,121,Flying,
Thundurus,79,115,70,125,80,111,Electric,Flying
Thundurus-Therian,79,105,70,145,80,101,Electric,Flying
Reshiram,100,120,100,150,120,90,Dragon,Fire
Zekrom,100,150,120,120,100,90,Dragon,Electric
Landorus,89,125,90,115,80,101,Ground,Flying
Landorus-Therian,89,145,90,105,80,91,Ground,Flying
Kyurem,125,130,90,130,90,95,Dragon,Ice
Kyurem-Black,125,170,100,120,90,95,Dragon,Ice
Kyurem-White,125,120,90,170,100,95,Dragon,Ice
Keldeo,91,72,90,129,90,108,Water,Fighting
Keldeo-Resolute,91,72,90,129,90,108,Water,Fighting
Meloetta,100,77,77,128,128,90,Normal,Psychic
Meloetta-Pirouette,100,128,90,77,77,128,Normal,Fighting
Genesect,71,120,95,120,95,99,Bug,Steel
Genesect-Douse,71,120,95,120,95,99,Bug,Steel
Genesect-Shock,71,120,95,120,95,99,Bug,Steel
Genesect-Burn,71,120,95,120,95,99,Bug,Steel
Genesect-Chill,71,120,95,120,95,99,Bug,Steel
Chespin,56,61,65,48,45,38,Grass,
Quilladin,61,78,95,56,58,57,Grass,
Chesnaught,88,107,122,74,75,64,Grass,Fighting
Fennekin,40,45,40,62,60,60,Fire,
Braixen,59,59,58,90,70,73,Fire,
Delphox,75,69,72,114,100,104,Fire,Psychic
Froakie,41,56,40,62,44,71,Water,
Frogadier,54,63,52,83,56,97,Water,
Greninja,72,95,67,103,71,122,Water,Dark
Greninja-Ash,72,145,67,153,71,132,Water,Dark
Bunnelby,38,36,38,32,36,57,Normal,
Diggersby,85,56,77,50,77,78,Normal,Ground
Fletchling,45,50,43,40,38,62,Normal,Flying
Fletchinder,62,73,55,56,52,84,Fire,Flying
Talonflame,78,81,71,74,69,126,Fire,Flying
Scatterbug,38,35,40,27,25,35,Bug,
Spewpa,45,22,60,27,30,29,Bug,
Vivillon,80,52,50,90,50,89,Bug,Flying
Vivillon-Fancy,80,52,50,90,50,89,Bug,Flying
Vivillon-Pokeball,80,52,50,90,50,89,Bug,Flying
Litleo,62,50,58,73,54,72,Fire,Normal
Pyroar,86,68,72,109,66,106,Fire,Normal
Flabe\u0301be\u0301,44,38,39,61,79,42,Fairy,
Floette,54,45,47,75,98,52,Fairy,
Floette-Eternal,74,65,67,125,128,92,Fairy,
Florges,78,65,68,112,154,75,Fairy,
Skiddo,66,65,48,62,57,52,Grass,
Gogoat,123,100,62,97,81,68,Grass,
Pancham,67,82,62,46,48,43,Fighting,
Pangoro,95,124,78,69,71,58,Fighting,Dark
Furfrou,75,80,60,65,90,102,Normal,
Espurr,62,48,54,63,60,68,Psychic,
Meowstic,74,48,76,83,81,104,Psychic,
Meowstic-F,74,48,76,83,81,104,Psychic,
Honedge,45,80,100,35,37,28,Steel,Ghost
Doublade,59,110,150,45,49,35,Steel,Ghost
Aegislash,60,50,150,50,150,60,Steel,Ghost
Aegislash-Blade,60,150,50,150,50,60,Steel,Ghost
Spritzee,78,52,60,63,65,23,Fairy,
Aromatisse,101,72,72,99,89,29,Fairy,
Swirlix,62,48,66,59,57,49,Fairy,
Slurpuff,82,80,86,85,75,72,Fairy,
Inkay,53,54,53,37,46,45,Dark,Psychic
Malamar,86,92,88,68,75,73,Dark,Psychic
Binacle,42,52,67,39,56,50,Rock,Water
Barbaracle,72,105,115,54,86,68,Rock,Water
Skrelp,50,60,60,60,60,30,Poison,Water
Dragalge,65,75,90,97,123,44,Poison,Dragon
Clauncher,50,53,62,58,63,44,Water,
Clawitzer,71,73,88,120,89,59,Water,
Helioptile,44,38,33,61,43,70,Electric,Normal
Heliolisk,62,55,52,109,94,109,Electric,Normal
Tyrunt,58,89,77,45,45,48,Rock,Dragon
Tyrantrum,82,121,119,69,59,71,Rock,Dragon
Amaura,77,59,50,67,63,46,Rock,Ice
Aurorus,123,77,72,99,92,58,Rock,Ice
Sylveon,95,65,65,110,130,60,Fairy,
Hawlucha,78,92,75,74,63,118,Fighting,Flying
Dedenne,67,58,57,81,67,101,Electric,Fairy
Carbink,50,50,150,50,150,50,Rock,Fairy
Goomy,45,50,35,55,75,40,Dragon,
Sliggoo,68,75,53,83,113,60,Dragon,
Goodra,90,100,70,110,150,80,Dragon,
Klefki,57,80,91,80,87,75,Steel,Fairy
Phantump,43,70,48,50,60,38,Ghost,Grass
Trevenant,85,110,76,65,82,56,Ghost,Grass
Pumpkaboo,49,66,70,44,55,51,Ghost,Grass
Pumpkaboo-Small,44,66,70,44,55,56,Ghost,Grass
Pumpkaboo-Large,54,66,70,44,55,46,Ghost,Grass
Pumpkaboo-Super,59,66,70,44,55,41,Ghost,Grass
Gourgeist,65,90,122,58,75,84,Ghost,Grass
Gourgeist-Small,55,85,122,58,75,99,Ghost,Grass
Gourgeist-Large,75,95,122,58,75,69,Ghost,Grass
Gourgeist-Super,85,100,122,58,75,54,Ghost,Grass
Bergmite,55,69,85,32,35,28,Ice,
Avalugg,95,117,184,44,46,28,Ice,
Noibat,40,30,35,45,40,55,Flying,Dragon
Noivern,85,70,80,97,80,123,Flying,Dragon
Xerneas,126,131,95,131,98,99,Fairy,
Yveltal,126,131,95,131,98,99,Dark,Flying
Zygarde,108,100,121,81,95,95,Dragon,Ground
Zygarde-10%,54,100,71,61,85,115,Dragon,Ground
Zygarde-Complete,216,100,121,91,95,85,Dragon,Ground
Diancie,50,100,150,100,150,50,Rock,Fairy
Diancie-Mega,50,160,110,160,110,110,Rock,Fairy
Hoopa,80,110,60,150,130,70,Psychic,Ghost
Hoopa-Unbound,80,160,60,170,130,80,Psychic,Dark
Volcanion,80,110,120,130,90,70,Fire,Water
Rowlet,68,55,55,50,50,42,Grass,Flying
Dartrix,78,75,75,70,70,52,Grass,Flying
Decidueye,78,107,75,100,100,70,Grass,Ghost
Litten,45,65,40,60,40,70,Fire,
Torracat,65,85,50,80,50,90,Fire,
Incineroar,95,115,90,80,90,60,Fire,Dark
Popplio,50,54,54,66,56,40,Water,
Brionne,60,69,69,91,81,50,Water,
Primarina,80,74,74,126,116,60,Water,Fairy
Pikipek,35,75,30,30,30,65,Normal,Flying
Trumbeak,55,85,50,40,50,75,Normal,Flying
Toucannon,80,120,75,75,75,60,Normal,Flying
Yungoos,48,70,30,30,30,45,Normal,
Gumshoos,88,110,60,55,60,45,Normal,
Gumshoos-Totem,88,110,60,55,60,45,Normal,
Grubbin,47,62,45,55,45,46,Bug,
Charjabug,57,82,95,55,75,36,Bug,Electric
Vikavolt,77,70,90,145,75,43,Bug,Electric
Vikavolt-Totem,77,70,90,145,75,43,Bug,Electric
Crabrawler,47,82,57,42,47,63,Fighting,
Crabominable,97,132,77,62,67,43,Fighting,Ice
Oricorio,75,70,70,98,70,93,Fire,Flying
Oricorio-Pom-Pom,75,70,70,98,70,93,Electric,Flying
Oricorio-Pa'u,75,70,70,98,70,93,Psychic,Flying
Oricorio-Sensu,75,70,70,98,70,93,Ghost,Flying
Cutiefly,40,45,40,55,40,84,Bug,Fairy
Ribombee,60,55,60,95,70,124,Bug,Fairy
Ribombee-Totem,60,55,60,95,70,124,Bug,Fairy
Rockruff,45,65,40,30,40,60,Rock,
Lycanroc,75,115,65,55,65,112,Rock,
Lycanroc-Midnight,85,115,75,55,75,82,Rock,
Lycanroc-Dusk,75,117,65,55,65,110,Rock,
Wishiwashi,45,20,20,25,25,40,Water,
Wishiwashi-School,45,140,130,140,135,30,Water,
Mareanie,50,53,62,43,52,45,Poison,Water
Toxapex,50,63,152,53,142,35,Poison,Water
Mudbray,70,100,70,45,55,45,Ground,
Mudsdale,100,125,100,55,85,35,Ground,
Dewpider,38,40,52,40,72,27,Water,Bug
Araquanid,68,70,92,50,132,42,Water,Bug
Araquanid-Totem,68,70,92,50,132,42,Water,Bug
Fomantis,40,55,35,50,35,35,Grass,
Lurantis,70,105,90,80,90,45,Grass,
Lurantis-Totem,70,105,90,80,90,45,Grass,
Morelull,40,35,55,65,75,15,Grass,Fairy
Shiinotic,60,45,80,90,100,30,Grass,Fairy
Salandit,48,44,40,71,40,77,Poison,Fire
Salazzle,68,64,60,111,60,117,Poison,Fire
Salazzle-Totem,68,64,60,111,60,117,Poison,Fire
Stufful,70,75,50,45,50,50,Normal,Fighting
Bewear,120,125,80,55,60,60,Normal,Fighting
Bounsweet,42,30,38,30,38,32,Grass,
Steenee,52,40,48,40,48,62,Grass,
Tsareena,72,120,98,50,98,72,Grass,
Comfey,51,52,90,82,110,100,Fairy,
Oranguru,90,60,80,90,110,60,Normal,Psychic
Passimian,100,120,90,40,60,80,Fighting,
Wimpod,25,35,40,20,30,80,Bug,Water
Golisopod,75,125,140,60,90,40,Bug,Water
Sandygast,55,55,80,70,45,15,Ghost,Ground
Palossand,85,75,110,100,75,35,Ghost,Ground
Pyukumuku,55,60,130,30,130,5,Water,
Type: Null,95,95,95,95,95,59,Normal,
Silvally,95,95,95,95,95,95,Normal,
Silvally-Bug,95,95,95,95,95,95,Bug,
Silvally-Dark,95,95,95,95,95,95,Dark,
Silvally-Dragon,95,95,95,95,95,95,Dragon,
Silvally-Electric,95,95,95,95,95,95,Electric,
Silvally-Fairy,95,95,95,95,95,95,Fairy,
Silvally-Fighting,95,95,95,95,95,95,Fighting,
Silvally-Fire,95,95,95,95,95,95,Fire,
Silvally-Flying,95,95,95,95,95,95,Flying,
Silvally-Ghost,95,95,95,95,95,95,Ghost,
Silvally-Grass,95,95,95,95,95,95,Grass,
Silvally-Ground,95,95,95,95,95,95,Ground,
Silvally-Ice,95,95,95,95,95,95,Ice,
Silvally-Poison,95,95,95,95,95,95,Poison,
Silvally-Psychic,95,95,95,95,95,95,Psychic,
Silvally-Rock,95,95,95,95,95,95,Rock,
Silvally-Steel,95,95,95,95,95,95,Steel,
Silvally-Water,95,95,95,95,95,95,Water,
Minior,60,100,60,100,60,120,Rock,Flying
Minior-Meteor,60,60,100,60,100,60,Rock,Flying
Komala,65,115,65,75,95,65,Normal,
Turtonator,60,78,135,91,85,36,Fire,Dragon
Togedemaru,65,98,63,40,73,96,Electric,Steel
Togedemaru-Totem,65,98,63,40,73,96,Electric,Steel
Mimikyu,55,90,80,50,105,96,Ghost,Fairy
Mimikyu-Busted,55,90,80,50,105,96,Ghost,Fairy
Mimikyu-Totem,55,90,80,50,105,96,Ghost,Fairy
Mimikyu-Busted-Totem,55,90,80,50,105,96,Ghost,Fairy
Bruxish,68,105,70,70,70,92,Water,Psychic
Drampa,78,60,85,135,91,36,Normal,Dragon
Dhelmise,70,131,100,86,90,40,Ghost,Grass
Jangmo-o,45,55,65,45,45,45,Dragon,
Hakamo-o,55,75,90,65,70,65,Dragon,Fighting
Kommo-o,75,110,125,100,105,85,Dragon,Fighting
Kommo-o-Totem,75,110,125,100,105,85,Dragon,Fighting
Tapu Koko,70,115,85,95,75,130,Electric,Fairy
Tapu Lele,70,85,75,130,115,95,Psychic,Fairy
Tapu Bulu,70,130,115,85,95,75,Grass,Fairy
Tapu Fini,70,75,115,95,130,85,Water,Fairy
Cosmog,43,29,31,29,31,37,Psychic,
Cosmoem,43,29,131,29,131,37,Psychic,
Solgaleo,137,137,107,113,89,97,Psychic,Steel
Lunala,137,113,89,137,107,97,Psychic,Ghost
Nihilego,109,53,47,127,131,103,Rock,Poison
Buzzwole,107,139,139,53,53,79,Bug,Fighting
Pheromosa,71,137,37,137,37,151,Bug,Fighting
Xurkitree,83,89,71,173,71,83,Electric,
Celesteela,97,101,103,107,101,61,Steel,Flying
Kartana,59,181,131,59,31,109,Grass,Steel
Guzzlord,223,101,53,97,53,43,Dark,Dragon
Necrozma,97,107,101,127,89,79,Psychic,
Necrozma-Dusk-Mane,97,157,127,113,109,77,Psychic,Steel
Necrozma-Dawn-Wings,97,113,109,157,127,77,Psychic,Ghost
Necrozma-Ultra,97,167,97,167,97,129,Psychic,Dragon
Magearna,80,95,115,130,115,65,Steel,Fairy
Magearna-Original,80,95,115,130,115,65,Steel,Fairy
Marshadow,90,125,80,90,90,125,Fighting,Ghost
Poipole,67,73,67,73,67,73,Poison,
Naganadel,73,73,73,127,73,121,Poison,Dragon
Stakataka,61,131,211,53,101,13,Rock,Steel
Blacephalon,53,127,53,151,79,107,Fire,Ghost
Zeraora,88,112,75,102,80,143,Electric,
Meltan,46,65,65,55,35,34,Steel,
Melmetal,135,143,143,80,65,34,Steel,
